,F1-Macro,F1-Accuracy,F1-Weighted,Execution Time
LinearSVC,0.7120817379048108,0.7914032869785083,0.7782768884878878,1.3377037048339844
LogisticRegression,0.7038358405548284,0.7812895069532237,0.7699180787193437,48.72902798652649
SGDClassifier,0.698435419623719,0.7787610619469025,0.7667041523349977,1.144923210144043
RidgeClassifier,0.7059181877432534,0.7838179519595448,0.7707529917646794,1.7126946449279785
