Model,CV_Mean,CV_Std,Execution Time
LinearSVC,0.7539036217196863,0.007175223737827734,5.3935227394104
LogisticRegression,0.7521340099834808,0.010666352450015812,215.6939675807953
SGDClassifier,0.7493523407701166,0.00739417432945093,4.698813199996948
RidgeClassifier,0.7482145205327242,0.008174275502953686,7.626864910125732
