,F1-Macro,F1-Accuracy,F1-Weighted,Execution Time
Flair_TextClassifier,0.6891667914754049,0.7699115044247787,0.7665499229708266,72.03987336158752
